prompt,intent,action_type,path,category,args,tags,action_json
For every new tenant onboarded provision isolated VPC and EKS cluster on AWS run CIS benchmark security scan deploy Prometheus and Grafana observability tag all resources with tenant cost center email provisioning report to tenant admin set SLO alerts and escalation policies,workflow_agentic,agentic,,workflow,,"workflow,agentic,tenant_onboarding,vpc,eks,security,observability,finops","{""action"": ""workflow_agentic"", ""intent"": ""For every new tenant onboarded: Provision isolated VPC + EKS cluster on AWS, run CIS benchmark security scan, deploy Prometheus + Grafana observability, tag all resources with tenant cost center, email provisioning report to tenant admin, set SLO alerts and escalation policies."", ""tenant_id"": ""<tenant>"", ""canvas"": true, ""agents"": [{""name"": ""SupervisorAgent"", ""role"": ""plan""}, {""name"": ""ProvisioningAgent"", ""role"": ""provision_aws"", ""tasks"": [""vpc"", ""eks""]}, {""name"": ""SecurityAgent"", ""role"": ""cis_scan""}, {""name"": ""ObservabilityAgent"", ""role"": ""deploy_prometheus_grafana""}, {""name"": ""FinOpsAgent"", ""role"": ""tag_cost_center""}, {""name"": ""NotificationAgent"", ""role"": ""email_report""}, {""name"": ""SLOAgent"", ""role"": ""set_slo_alerts""}], ""explanation"": ""Full tenant onboarding agentic workflow with 7 agents executing in dependency order.""}"
Onboard a new tenant called acme-corp with isolated VPC EKS CIS scan Prometheus Grafana cost tagging and SLO alerts,workflow_agentic,agentic,,workflow,,"workflow,agentic,tenant,acme,vpc,eks","{""action"": ""workflow_agentic"", ""intent"": ""Provision a new tenant: isolated VPC + EKS cluster, CIS benchmark scan, Prometheus + Grafana observability, FinOps cost tagging, SLO alerts."", ""tenant_id"": ""acme-corp"", ""canvas"": true, ""agents"": [{""name"": ""SupervisorAgent"", ""role"": ""plan""}, {""name"": ""ProvisioningAgent"", ""role"": ""provision_aws"", ""tasks"": [""vpc"", ""eks""]}, {""name"": ""SecurityAgent"", ""role"": ""cis_scan""}, {""name"": ""ObservabilityAgent"", ""role"": ""deploy_prometheus_grafana""}, {""name"": ""FinOpsAgent"", ""role"": ""tag_cost_center""}, {""name"": ""SLOAgent"", ""role"": ""set_slo_alerts""}], ""explanation"": ""Tenant onboarding agentic workflow for tenant_id=acme-corp.""}"
Build an agentic workflow that provisions a tenant environment on AWS with full security and observability,workflow_agentic,agentic,,workflow,,"workflow,agentic,tenant_onboarding","{""action"": ""workflow_agentic"", ""intent"": ""Provision a tenant AWS environment with full security and observability."", ""tenant_id"": ""<tenant>"", ""canvas"": true, ""agents"": [{""name"": ""SupervisorAgent"", ""role"": ""plan""}, {""name"": ""ProvisioningAgent"", ""role"": ""provision_aws""}, {""name"": ""SecurityAgent"", ""role"": ""cis_scan""}, {""name"": ""ObservabilityAgent"", ""role"": ""deploy_prometheus_grafana""}, {""name"": ""FinOpsAgent"", ""role"": ""tag_cost_center""}], ""explanation"": ""Tenant provisioning agentic workflow.""}"
Replace my n8n tenant onboarding workflow with an agentic AgentWorkflow,workflow_agentic,agentic,,workflow,,"workflow,agentic,n8n,replace","{""action"": ""workflow_agentic"", ""intent"": ""Replace n8n tenant onboarding workflow with an agentic equivalent: provision tenant infra, security scan, observability, cost tagging, notifications, SLO alerts."", ""tenant_id"": ""<tenant>"", ""canvas"": true, ""agents"": [{""name"": ""SupervisorAgent"", ""role"": ""plan""}, {""name"": ""ProvisioningAgent"", ""role"": ""provision_aws""}, {""name"": ""SecurityAgent"", ""role"": ""cis_scan""}, {""name"": ""ObservabilityAgent"", ""role"": ""deploy_prometheus_grafana""}, {""name"": ""FinOpsAgent"", ""role"": ""tag_cost_center""}, {""name"": ""NotificationAgent"", ""role"": ""email_report""}, {""name"": ""SLOAgent"", ""role"": ""set_slo_alerts""}], ""explanation"": ""Migrates a 50-node n8n workflow into a single-intent agentic workflow.""}"
For every new tenant provision EKS run security scan deploy observability and email a report,workflow_agentic,agentic,,workflow,,"workflow,agentic,tenant,eks,security,email","{""action"": ""workflow_agentic"", ""intent"": ""For every new tenant: provision EKS, run security scan, deploy observability, email a report."", ""tenant_id"": ""<tenant>"", ""canvas"": true, ""agents"": [{""name"": ""SupervisorAgent"", ""role"": ""plan""}, {""name"": ""ProvisioningAgent"", ""role"": ""provision_eks""}, {""name"": ""SecurityAgent"", ""role"": ""security_scan""}, {""name"": ""ObservabilityAgent"", ""role"": ""deploy_observability""}, {""name"": ""NotificationAgent"", ""role"": ""email_report""}], ""explanation"": ""Tenant onboarding with 5 agents.""}"
Onboard tenant globex-inc and run CIS benchmark and tag everything with cost center,workflow_agentic,agentic,,workflow,,"workflow,agentic,globex,cis,cost","{""action"": ""workflow_agentic"", ""intent"": ""Onboard tenant globex-inc: provision baseline infra, run CIS benchmark, tag all resources with cost center."", ""tenant_id"": ""globex-inc"", ""canvas"": true, ""agents"": [{""name"": ""SupervisorAgent"", ""role"": ""plan""}, {""name"": ""ProvisioningAgent"", ""role"": ""provision_aws""}, {""name"": ""SecurityAgent"", ""role"": ""cis_scan""}, {""name"": ""FinOpsAgent"", ""role"": ""tag_cost_center""}], ""explanation"": ""Tenant onboarding for globex-inc.""}"
Spin up a tenant on Azure with VNet AKS Defender for Cloud and Log Analytics observability,workflow_agentic,agentic,,workflow,,"workflow,agentic,azure,aks,defender","{""action"": ""workflow_agentic"", ""intent"": ""Provision tenant on Azure: VNet, AKS, Defender for Cloud, Log Analytics observability."", ""tenant_id"": ""<tenant>"", ""canvas"": true, ""agents"": [{""name"": ""SupervisorAgent"", ""role"": ""plan""}, {""name"": ""ProvisioningAgent"", ""role"": ""provision_azure"", ""tasks"": [""vnet"", ""aks""]}, {""name"": ""SecurityAgent"", ""role"": ""defender_baseline""}, {""name"": ""ObservabilityAgent"", ""role"": ""log_analytics""}, {""name"": ""FinOpsAgent"", ""role"": ""tag_cost_center""}], ""explanation"": ""Azure tenant onboarding agentic workflow.""}"
Create a GCP tenant environment with VPC GKE Cloud Armor and Cloud Operations observability,workflow_agentic,agentic,,workflow,,"workflow,agentic,gcp,gke,armor","{""action"": ""workflow_agentic"", ""intent"": ""Provision GCP tenant: VPC, GKE, Cloud Armor, Cloud Operations observability."", ""tenant_id"": ""<tenant>"", ""canvas"": true, ""agents"": [{""name"": ""SupervisorAgent"", ""role"": ""plan""}, {""name"": ""ProvisioningAgent"", ""role"": ""provision_gcp"", ""tasks"": [""vpc"", ""gke""]}, {""name"": ""SecurityAgent"", ""role"": ""cloud_armor""}, {""name"": ""ObservabilityAgent"", ""role"": ""cloud_operations""}, {""name"": ""FinOpsAgent"", ""role"": ""tag_cost_center""}], ""explanation"": ""GCP tenant onboarding agentic workflow.""}"
Provision a multi-region production tenant with HA databases and cross-region observability,workflow_agentic,agentic,,workflow,,"workflow,agentic,multi_region,ha","{""action"": ""workflow_agentic"", ""intent"": ""Provision multi-region production tenant with HA databases and cross-region observability."", ""tenant_id"": ""<tenant>"", ""canvas"": true, ""agents"": [{""name"": ""SupervisorAgent"", ""role"": ""plan""}, {""name"": ""ProvisioningAgent"", ""role"": ""provision_multiregion"", ""tasks"": [""vpc"", ""rds_multi_az"", ""global_lb""]}, {""name"": ""SecurityAgent"", ""role"": ""cis_scan""}, {""name"": ""ObservabilityAgent"", ""role"": ""cross_region_metrics""}, {""name"": ""FinOpsAgent"", ""role"": ""tag_cost_center""}, {""name"": ""SLOAgent"", ""role"": ""set_slo_alerts""}], ""explanation"": ""Multi-region production agentic workflow.""}"
Stand up a sandbox tenant for trial users with auto-expire after 14 days,workflow_agentic,agentic,,workflow,,"workflow,agentic,sandbox,trial","{""action"": ""workflow_agentic"", ""intent"": ""Provision sandbox tenant for trial users with 14-day auto-expire policy."", ""tenant_id"": ""<tenant>"", ""canvas"": true, ""agents"": [{""name"": ""SupervisorAgent"", ""role"": ""plan""}, {""name"": ""ProvisioningAgent"", ""role"": ""provision_sandbox""}, {""name"": ""FinOpsAgent"", ""role"": ""tag_cost_center""}, {""name"": ""SchedulerAgent"", ""role"": ""set_auto_expire"", ""ttl_days"": 14}], ""explanation"": ""Sandbox tenant with FinOps + auto-expire scheduler.""}"
Create an agentic workflow to onboard healthcare tenant with HIPAA compliance,workflow_agentic,agentic,,workflow,,"workflow,agentic,healthcare,hipaa","{""action"": ""workflow_agentic"", ""intent"": ""Onboard healthcare tenant with HIPAA-compliant baseline: encrypted VPC, audited EKS, KMS, CIS + HIPAA scan, observability, cost tagging."", ""tenant_id"": ""<tenant>"", ""canvas"": true, ""agents"": [{""name"": ""SupervisorAgent"", ""role"": ""plan""}, {""name"": ""ProvisioningAgent"", ""role"": ""provision_aws_hipaa"", ""tasks"": [""vpc"", ""eks"", ""kms""]}, {""name"": ""SecurityAgent"", ""role"": ""hipaa_scan""}, {""name"": ""ComplianceAgent"", ""role"": ""hipaa_attestation""}, {""name"": ""ObservabilityAgent"", ""role"": ""audit_logs""}, {""name"": ""FinOpsAgent"", ""role"": ""tag_cost_center""}], ""explanation"": ""HIPAA-compliant tenant onboarding agentic workflow.""}"
Onboard fintech tenant with PCI-DSS compliance and segregated networks,workflow_agentic,agentic,,workflow,,"workflow,agentic,fintech,pci","{""action"": ""workflow_agentic"", ""intent"": ""Onboard fintech tenant with PCI-DSS baseline: segregated VPCs, dedicated DBs, CIS + PCI scan, immutable logging."", ""tenant_id"": ""<tenant>"", ""canvas"": true, ""agents"": [{""name"": ""SupervisorAgent"", ""role"": ""plan""}, {""name"": ""ProvisioningAgent"", ""role"": ""provision_pci""}, {""name"": ""SecurityAgent"", ""role"": ""pci_scan""}, {""name"": ""ComplianceAgent"", ""role"": ""pci_attestation""}, {""name"": ""ObservabilityAgent"", ""role"": ""immutable_logs""}, {""name"": ""FinOpsAgent"", ""role"": ""tag_cost_center""}], ""explanation"": ""PCI-DSS fintech tenant onboarding.""}"
Spin up a complete e-commerce tenant with VPC RDS Redis CDN load balancer and observability,workflow_agentic,agentic,,workflow,,"workflow,agentic,ecommerce","{""action"": ""workflow_agentic"", ""intent"": ""Provision e-commerce tenant: VPC, RDS, Redis cache, CloudFront CDN, ALB, observability stack."", ""tenant_id"": ""<tenant>"", ""canvas"": true, ""agents"": [{""name"": ""SupervisorAgent"", ""role"": ""plan""}, {""name"": ""ProvisioningAgent"", ""role"": ""provision_aws"", ""tasks"": [""vpc"", ""rds"", ""elasticache"", ""cloudfront"", ""alb""]}, {""name"": ""ObservabilityAgent"", ""role"": ""deploy_prometheus_grafana""}, {""name"": ""FinOpsAgent"", ""role"": ""tag_cost_center""}], ""explanation"": ""E-commerce tenant agentic workflow.""}"
Deploy a SaaS tenant with multi-tenant database and per-tenant subdomain on Cloudflare,workflow_agentic,agentic,,workflow,,"workflow,agentic,saas,cloudflare,multitenant","{""action"": ""workflow_agentic"", ""intent"": ""Provision SaaS tenant: multi-tenant Aurora cluster, per-tenant Cloudflare subdomain + WAF + DNS records, observability."", ""tenant_id"": ""<tenant>"", ""canvas"": true, ""agents"": [{""name"": ""SupervisorAgent"", ""role"": ""plan""}, {""name"": ""ProvisioningAgent"", ""role"": ""provision_aws"", ""tasks"": [""aurora""]}, {""name"": ""DNSAgent"", ""role"": ""provision_cloudflare"", ""tasks"": [""dns_record"", ""waf_rule""]}, {""name"": ""ObservabilityAgent"", ""role"": ""deploy_observability""}, {""name"": ""FinOpsAgent"", ""role"": ""tag_cost_center""}], ""explanation"": ""SaaS tenant agentic workflow with DNSAgent.""}"
Build an agentic workflow that backs up all tenant databases nightly and verifies restore weekly,workflow_agentic,agentic,,workflow,,"workflow,agentic,backup,disaster_recovery","{""action"": ""workflow_agentic"", ""intent"": ""Nightly backup of all tenant databases + weekly restore verification."", ""tenant_id"": ""<tenant>"", ""canvas"": true, ""schedule"": ""0 2 * * *"", ""agents"": [{""name"": ""SupervisorAgent"", ""role"": ""plan""}, {""name"": ""BackupAgent"", ""role"": ""snapshot_databases""}, {""name"": ""DRAgent"", ""role"": ""verify_restore"", ""schedule"": ""weekly""}, {""name"": ""NotificationAgent"", ""role"": ""report_status""}], ""explanation"": ""Nightly backup + weekly restore-verification agentic workflow.""}"
Run a daily agentic security audit across every tenant and email findings,workflow_agentic,agentic,,workflow,,"workflow,agentic,security_audit,daily","{""action"": ""workflow_agentic"", ""intent"": ""Daily security audit across all tenants: CIS benchmark, secrets scan, IAM drift detection, email findings to security team."", ""tenant_id"": ""*"", ""canvas"": true, ""schedule"": ""0 8 * * *"", ""agents"": [{""name"": ""SupervisorAgent"", ""role"": ""plan""}, {""name"": ""SecurityAgent"", ""role"": ""cis_scan""}, {""name"": ""SecretsAgent"", ""role"": ""scan_secrets""}, {""name"": ""IAMAgent"", ""role"": ""iam_drift""}, {""name"": ""NotificationAgent"", ""role"": ""email_report""}], ""explanation"": ""Daily fleet-wide agentic security audit.""}"
Create an agentic FinOps workflow that tags all resources weekly and reports drift,workflow_agentic,agentic,,workflow,,"workflow,agentic,finops,tagging","{""action"": ""workflow_agentic"", ""intent"": ""Weekly FinOps sweep: tag every resource with cost center, detect untagged resources, report cost drift."", ""tenant_id"": ""*"", ""canvas"": true, ""schedule"": ""0 6 * * MON"", ""agents"": [{""name"": ""SupervisorAgent"", ""role"": ""plan""}, {""name"": ""FinOpsAgent"", ""role"": ""tag_audit""}, {""name"": ""FinOpsAgent"", ""role"": ""cost_drift_report""}, {""name"": ""NotificationAgent"", ""role"": ""email_report""}], ""explanation"": ""Weekly agentic FinOps sweep.""}"
Provision a developer sandbox tenant and auto-cleanup unused resources after 7 days,workflow_agentic,agentic,,workflow,,"workflow,agentic,sandbox,cleanup","{""action"": ""workflow_agentic"", ""intent"": ""Provision dev sandbox + auto-cleanup unused resources after 7 days."", ""tenant_id"": ""<tenant>"", ""canvas"": true, ""agents"": [{""name"": ""SupervisorAgent"", ""role"": ""plan""}, {""name"": ""ProvisioningAgent"", ""role"": ""provision_sandbox""}, {""name"": ""SchedulerAgent"", ""role"": ""auto_cleanup"", ""ttl_days"": 7}, {""name"": ""FinOpsAgent"", ""role"": ""tag_cost_center""}], ""explanation"": ""Sandbox + auto-cleanup agentic workflow.""}"
Deploy a Node.js app with database cache CDN and CI/CD as an agentic workflow,workflow_agentic,agentic,,workflow,,"workflow,agentic,nodejs,fullstack","{""action"": ""workflow_agentic"", ""intent"": ""Provision Node.js app: VPC, RDS, Redis, CloudFront, GitHub Actions CI/CD pipeline."", ""tenant_id"": ""<tenant>"", ""canvas"": true, ""agents"": [{""name"": ""SupervisorAgent"", ""role"": ""plan""}, {""name"": ""ProvisioningAgent"", ""role"": ""provision_aws"", ""tasks"": [""vpc"", ""rds"", ""elasticache"", ""cloudfront""]}, {""name"": ""DeployAgent"", ""role"": ""deploy_nodejs""}, {""name"": ""CICDAgent"", ""role"": ""github_actions""}, {""name"": ""ObservabilityAgent"", ""role"": ""deploy_observability""}], ""explanation"": ""Full-stack Node.js agentic workflow.""}"
Create an agentic workflow for deploying ML model with GPU nodes Triton server and monitoring,workflow_agentic,agentic,,workflow,,"workflow,agentic,ml,triton","{""action"": ""workflow_agentic"", ""intent"": ""Deploy ML model: GPU EC2 / EKS GPU nodes, Triton server, model registry, observability."", ""tenant_id"": ""<tenant>"", ""canvas"": true, ""agents"": [{""name"": ""SupervisorAgent"", ""role"": ""plan""}, {""name"": ""ProvisioningAgent"", ""role"": ""provision_gpu_eks""}, {""name"": ""DeployAgent"", ""role"": ""deploy_triton""}, {""name"": ""MLOpsAgent"", ""role"": ""register_model""}, {""name"": ""ObservabilityAgent"", ""role"": ""deploy_observability""}], ""explanation"": ""ML model deployment agentic workflow.""}"
Use the SupervisorAgent to plan a tenant onboarding,workflow_agentic,agentic,,workflow,,"workflow,agentic,supervisor","{""action"": ""workflow_agentic"", ""intent"": ""SupervisorAgent plans tenant onboarding from a high-level spec."", ""tenant_id"": ""<tenant>"", ""canvas"": true, ""agents"": [{""name"": ""SupervisorAgent"", ""role"": ""plan""}], ""explanation"": ""SupervisorAgent-only planning step. Subsequent agents are spawned by the plan it returns.""}"
Spawn ProvisioningAgent to create EKS cluster on AWS,workflow_agentic,agentic,,workflow,,"workflow,agentic,provisioning,eks","{""action"": ""workflow_agentic"", ""intent"": ""Spawn ProvisioningAgent to create an EKS cluster on AWS."", ""tenant_id"": ""<tenant>"", ""canvas"": true, ""agents"": [{""name"": ""ProvisioningAgent"", ""role"": ""provision_eks""}], ""explanation"": ""Single-agent EKS provisioning step.""}"
Run SecurityAgent to do a CIS benchmark scan on tenant infrastructure,workflow_agentic,agentic,,workflow,,"workflow,agentic,security,cis","{""action"": ""workflow_agentic"", ""intent"": ""SecurityAgent runs CIS benchmark scan against the tenant's account."", ""tenant_id"": ""<tenant>"", ""canvas"": true, ""agents"": [{""name"": ""SecurityAgent"", ""role"": ""cis_scan""}], ""explanation"": ""SecurityAgent CIS scan step.""}"
Deploy ObservabilityAgent to install Prometheus and Grafana on the cluster,workflow_agentic,agentic,,workflow,,"workflow,agentic,observability","{""action"": ""workflow_agentic"", ""intent"": ""ObservabilityAgent deploys Prometheus + Grafana onto the tenant cluster."", ""tenant_id"": ""<tenant>"", ""canvas"": true, ""agents"": [{""name"": ""ObservabilityAgent"", ""role"": ""deploy_prometheus_grafana""}], ""explanation"": ""ObservabilityAgent deployment step.""}"
Have FinOpsAgent tag every tenant resource with cost center,workflow_agentic,agentic,,workflow,,"workflow,agentic,finops","{""action"": ""workflow_agentic"", ""intent"": ""FinOpsAgent tags all tenant resources with their cost center."", ""tenant_id"": ""<tenant>"", ""canvas"": true, ""agents"": [{""name"": ""FinOpsAgent"", ""role"": ""tag_cost_center""}], ""explanation"": ""FinOpsAgent tagging sweep.""}"
Use NotificationAgent to email a provisioning report to the tenant admin,workflow_agentic,agentic,,workflow,,"workflow,agentic,notification","{""action"": ""workflow_agentic"", ""intent"": ""NotificationAgent emails the provisioning report to the tenant admin."", ""tenant_id"": ""<tenant>"", ""canvas"": true, ""agents"": [{""name"": ""NotificationAgent"", ""role"": ""email_report""}], ""explanation"": ""Single-agent notification step.""}"
Have SLOAgent set alert and escalation policies for the tenant,workflow_agentic,agentic,,workflow,,"workflow,agentic,slo","{""action"": ""workflow_agentic"", ""intent"": ""SLOAgent configures SLO alerts and escalation policies for the tenant's services."", ""tenant_id"": ""<tenant>"", ""canvas"": true, ""agents"": [{""name"": ""SLOAgent"", ""role"": ""set_slo_alerts""}], ""explanation"": ""SLOAgent step.""}"
Use BackupAgent to snapshot the tenant database hourly,workflow_agentic,agentic,,workflow,,"workflow,agentic,backup","{""action"": ""workflow_agentic"", ""intent"": ""BackupAgent snapshots the tenant database every hour."", ""tenant_id"": ""<tenant>"", ""canvas"": true, ""schedule"": ""0 * * * *"", ""agents"": [{""name"": ""BackupAgent"", ""role"": ""snapshot_databases""}], ""explanation"": ""Hourly BackupAgent step.""}"
Spawn DRAgent to verify last week's backup is restorable,workflow_agentic,agentic,,workflow,,"workflow,agentic,disaster_recovery","{""action"": ""workflow_agentic"", ""intent"": ""DRAgent verifies the previous week's backup is restorable."", ""tenant_id"": ""<tenant>"", ""canvas"": true, ""agents"": [{""name"": ""DRAgent"", ""role"": ""verify_restore""}], ""explanation"": ""DRAgent verification step.""}"
Have ComplianceAgent produce HIPAA attestation for the tenant,workflow_agentic,agentic,,workflow,,"workflow,agentic,compliance,hipaa","{""action"": ""workflow_agentic"", ""intent"": ""ComplianceAgent produces a HIPAA attestation report for the tenant."", ""tenant_id"": ""<tenant>"", ""canvas"": true, ""agents"": [{""name"": ""ComplianceAgent"", ""role"": ""hipaa_attestation""}], ""explanation"": ""HIPAA attestation step.""}"
Use DNSAgent to add a Cloudflare subdomain for the tenant,workflow_agentic,agentic,,workflow,,"workflow,agentic,dns,cloudflare","{""action"": ""workflow_agentic"", ""intent"": ""DNSAgent adds a Cloudflare subdomain + WAF rule for the tenant."", ""tenant_id"": ""<tenant>"", ""canvas"": true, ""agents"": [{""name"": ""DNSAgent"", ""role"": ""provision_cloudflare"", ""tasks"": [""dns_record"", ""waf_rule""]}], ""explanation"": ""DNSAgent Cloudflare setup.""}"
Spawn DeployAgent to push the latest container image to the tenant cluster,workflow_agentic,agentic,,workflow,,"workflow,agentic,deploy","{""action"": ""workflow_agentic"", ""intent"": ""DeployAgent rolls out the latest container image to the tenant's EKS cluster."", ""tenant_id"": ""<tenant>"", ""canvas"": true, ""agents"": [{""name"": ""DeployAgent"", ""role"": ""rolling_deploy""}], ""explanation"": ""DeployAgent rolling deploy step.""}"
Use CICDAgent to set up GitHub Actions for the tenant repo,workflow_agentic,agentic,,workflow,,"workflow,agentic,cicd,github","{""action"": ""workflow_agentic"", ""intent"": ""CICDAgent generates GitHub Actions workflow for the tenant repository."", ""tenant_id"": ""<tenant>"", ""canvas"": true, ""agents"": [{""name"": ""CICDAgent"", ""role"": ""github_actions""}], ""explanation"": ""CICDAgent setup step.""}"
Have IAMAgent rotate every credential older than 90 days,workflow_agentic,agentic,,workflow,,"workflow,agentic,iam,rotation","{""action"": ""workflow_agentic"", ""intent"": ""IAMAgent rotates every credential older than 90 days."", ""tenant_id"": ""*"", ""canvas"": true, ""schedule"": ""0 4 * * SUN"", ""agents"": [{""name"": ""IAMAgent"", ""role"": ""rotate_credentials"", ""max_age_days"": 90}], ""explanation"": ""Weekly credential rotation step.""}"
Run SchedulerAgent to delete unused VMs after 7 days idle,workflow_agentic,agentic,,workflow,,"workflow,agentic,scheduler,cleanup","{""action"": ""workflow_agentic"", ""intent"": ""SchedulerAgent deletes VMs that have been idle for more than 7 days."", ""tenant_id"": ""*"", ""canvas"": true, ""schedule"": ""0 3 * * *"", ""agents"": [{""name"": ""SchedulerAgent"", ""role"": ""auto_cleanup"", ""idle_days"": 7}], ""explanation"": ""Daily idle-VM cleanup.""}"
Provision and observe and tag and notify in one agentic workflow,workflow_agentic,agentic,,workflow,,"workflow,agentic,4agents","{""action"": ""workflow_agentic"", ""intent"": ""Run provisioning + observability + cost tagging + notification as a single agentic workflow."", ""tenant_id"": ""<tenant>"", ""canvas"": true, ""agents"": [{""name"": ""SupervisorAgent"", ""role"": ""plan""}, {""name"": ""ProvisioningAgent"", ""role"": ""provision_aws""}, {""name"": ""ObservabilityAgent"", ""role"": ""deploy_observability""}, {""name"": ""FinOpsAgent"", ""role"": ""tag_cost_center""}, {""name"": ""NotificationAgent"", ""role"": ""email_report""}], ""explanation"": ""Four-stage agentic workflow.""}"
Build an agentic workflow that provisions security scans observability and FinOps in parallel waves,workflow_agentic,agentic,,workflow,,"workflow,agentic,parallel_waves","{""action"": ""workflow_agentic"", ""intent"": ""Run provisioning then security observability and FinOps as parallel waves."", ""tenant_id"": ""<tenant>"", ""canvas"": true, ""execution_strategy"": ""dag"", ""agents"": [{""name"": ""SupervisorAgent"", ""role"": ""plan"", ""wave"": 0}, {""name"": ""ProvisioningAgent"", ""role"": ""provision_aws"", ""wave"": 1}, {""name"": ""SecurityAgent"", ""role"": ""cis_scan"", ""wave"": 2}, {""name"": ""ObservabilityAgent"", ""role"": ""deploy_observability"", ""wave"": 2}, {""name"": ""FinOpsAgent"", ""role"": ""tag_cost_center"", ""wave"": 2}], ""explanation"": ""Wave-based DAG execution: wave 0 plan, wave 1 provision, wave 2 the rest in parallel.""}"
Create a sequential agentic workflow plan provision scan observe tag notify,workflow_agentic,agentic,,workflow,,"workflow,agentic,sequential","{""action"": ""workflow_agentic"", ""intent"": ""Sequential agentic workflow: plan, provision, scan, observe, tag, notify."", ""tenant_id"": ""<tenant>"", ""canvas"": true, ""execution_strategy"": ""sequential"", ""agents"": [{""name"": ""SupervisorAgent"", ""role"": ""plan""}, {""name"": ""ProvisioningAgent"", ""role"": ""provision_aws""}, {""name"": ""SecurityAgent"", ""role"": ""cis_scan""}, {""name"": ""ObservabilityAgent"", ""role"": ""deploy_observability""}, {""name"": ""FinOpsAgent"", ""role"": ""tag_cost_center""}, {""name"": ""NotificationAgent"", ""role"": ""email_report""}], ""explanation"": ""Sequential 6-step agentic workflow.""}"
Build an agentic workflow that runs three security tools in parallel and reduces findings,workflow_agentic,agentic,,workflow,,"workflow,agentic,parallel,security","{""action"": ""workflow_agentic"", ""intent"": ""Run trivy + checkov + tfsec in parallel and reduce their findings."", ""tenant_id"": ""<tenant>"", ""canvas"": true, ""execution_strategy"": ""parallel"", ""agents"": [{""name"": ""SecurityAgent"", ""role"": ""trivy_scan""}, {""name"": ""SecurityAgent"", ""role"": ""checkov_scan""}, {""name"": ""SecurityAgent"", ""role"": ""tfsec_scan""}, {""name"": ""ReducerAgent"", ""role"": ""merge_findings""}], ""explanation"": ""Parallel-then-reduce agentic security workflow.""}"
Onboard new tenant zenith-co with VPC EKS Prometheus Grafana cost tagging email report and SLO,workflow_agentic,agentic,,workflow,,"workflow,agentic,zenith,full","{""action"": ""workflow_agentic"", ""intent"": ""Full tenant onboarding for zenith-co with VPC + EKS + observability + FinOps + notification + SLO."", ""tenant_id"": ""zenith-co"", ""canvas"": true, ""agents"": [{""name"": ""SupervisorAgent"", ""role"": ""plan""}, {""name"": ""ProvisioningAgent"", ""role"": ""provision_aws"", ""tasks"": [""vpc"", ""eks""]}, {""name"": ""SecurityAgent"", ""role"": ""cis_scan""}, {""name"": ""ObservabilityAgent"", ""role"": ""deploy_prometheus_grafana""}, {""name"": ""FinOpsAgent"", ""role"": ""tag_cost_center""}, {""name"": ""NotificationAgent"", ""role"": ""email_report""}, {""name"": ""SLOAgent"", ""role"": ""set_slo_alerts""}], ""explanation"": ""Tenant zenith-co full onboarding.""}"
Show me the AgentWorkflow Python code for tenant onboarding,workflow_agentic_code,code,,workflow,,"workflow,agentic,python,code","{""action"": ""workflow_agentic_code"", ""intent"": ""Generate the AgentWorkflow Python stub for tenant onboarding."", ""language"": ""python"", ""code"": ""# This replaces an entire n8n workflow\nworkflow = AgentWorkflow(\n  intent=\""For every new tenant onboarded: Provision isolated VPC + EKS cluster on AWS, Run CIS benchmark security scan, Deploy Prometheus + Grafana observability, Tag all resources with tenant cost center, Email provisioning report to tenant admin, Set SLO alerts and escalation policies\"",\n  tenant_id=\""<tenant>\"",\n  canvas=True  # renders live execution DAG\n)\nworkflow.run()"", ""explanation"": ""Python AgentWorkflow stub the user can copy-paste.""}"
Generate the AgentWorkflow snippet for acme-corp tenant onboarding with all 5 agents,workflow_agentic_code,code,,workflow,,"workflow,agentic,python,acme","{""action"": ""workflow_agentic_code"", ""intent"": ""AgentWorkflow snippet for acme-corp."", ""language"": ""python"", ""tenant_id"": ""acme-corp"", ""code"": ""workflow = AgentWorkflow(\n  intent=\""Provision isolated VPC + EKS cluster on AWS, run CIS benchmark security scan, deploy Prometheus + Grafana observability, tag all resources with tenant cost center, email provisioning report to tenant admin, set SLO alerts and escalation policies\"",\n  tenant_id=\""acme-corp\"",\n  canvas=True\n)\nworkflow.run()"", ""explanation"": ""Tenant acme-corp AgentWorkflow stub.""}"
Show the AgentWorkflow Python code that uses 5 default agents,workflow_agentic_code,code,,workflow,,"workflow,agentic,python,5agents","{""action"": ""workflow_agentic_code"", ""intent"": ""Show AgentWorkflow snippet using SupervisorAgent ProvisioningAgent SecurityAgent ObservabilityAgent FinOpsAgent."", ""language"": ""python"", ""code"": ""workflow = AgentWorkflow(\n  intent=\""<your intent here>\"",\n  tenant_id=\""<tenant>\"",\n  canvas=True\n)\n# Default agents auto-selected by the SupervisorAgent based on intent:\n#   SupervisorAgent  - plans the run\n#   ProvisioningAgent - cloud resources\n#   SecurityAgent     - compliance scans\n#   ObservabilityAgent - metrics, logs, traces\n#   FinOpsAgent       - cost tagging + drift\nworkflow.run()"", ""explanation"": ""AgentWorkflow with the 5 default agents.""}"
Give me Python code to run an agentic workflow with canvas streaming,workflow_agentic_code,code,,workflow,,"workflow,agentic,python,canvas","{""action"": ""workflow_agentic_code"", ""intent"": ""AgentWorkflow Python snippet with canvas=True for live DAG streaming."", ""language"": ""python"", ""code"": ""from valtunox import AgentWorkflow\n\nworkflow = AgentWorkflow(\n  intent=\""<your intent>\"",\n  tenant_id=\""<tenant>\"",\n  canvas=True  # streams the live execution DAG to the canvas\n)\nfor event in workflow.stream():\n  print(event.agent, event.status, event.message)"", ""explanation"": ""Streaming AgentWorkflow with per-agent event prints.""}"
What is the AgentWorkflow API,workflow_agentic_explain,explain,,workflow,,"workflow,agentic,api,explain","{""action"": ""workflow_agentic_explain"", ""topic"": ""AgentWorkflow"", ""explanation"": ""AgentWorkflow(intent, tenant_id, canvas) is the entrypoint of the agentic workflow service. It sends the intent to VxThinkingLLM (port 8745) for classification, asks Anthropic to derive an executable agent plan, and dispatches each agent step against scripts/ and shared/terraform/ pre-built modules. canvas=True renders the live execution DAG.""}"
Explain how AgentWorkflow run works,workflow_agentic_explain,explain,,workflow,,"workflow,agentic,run,explain","{""action"": ""workflow_agentic_explain"", ""topic"": ""AgentWorkflow.run"", ""explanation"": ""workflow.run() calls /api/v2/workflow/execute on the tenant node. The Go executor (services/workflow/agentic_executor.go) calls VxThinkingLLM for intent + RAG, then Anthropic for a step plan, then dispatches each step. SupervisorAgent emits the plan; ProvisioningAgent / SecurityAgent / ObservabilityAgent / FinOpsAgent / NotificationAgent / SLOAgent run their tasks; canvas=True keeps the UI in sync.""}"
What are the standard agents in an AgentWorkflow,workflow_agentic_explain,explain,,workflow,,"workflow,agentic,agents,explain","{""action"": ""workflow_agentic_explain"", ""topic"": ""standard_agents"", ""explanation"": ""SupervisorAgent (planner), ProvisioningAgent (cloud resources), SecurityAgent (CIS/HIPAA/PCI scans), ObservabilityAgent (Prometheus/Grafana/OTel), FinOpsAgent (cost tagging + drift), NotificationAgent (email/Slack reports), SLOAgent (alerts + escalation), DNSAgent (Cloudflare/Route53), DeployAgent (rolling deploys), CICDAgent (GitHub Actions / GitLab CI), BackupAgent + DRAgent (backup + restore verify), ComplianceAgent (HIPAA/PCI attestation), IAMAgent (credential rotation), SchedulerAgent (auto-cleanup, TTLs).""}"
What does SupervisorAgent do,workflow_agentic_explain,explain,,workflow,,"workflow,agentic,supervisor,explain","{""action"": ""workflow_agentic_explain"", ""topic"": ""SupervisorAgent"", ""explanation"": ""SupervisorAgent receives the intent and the canvas, classifies it via VxThinkingLLM, then asks Anthropic for an ordered agent plan. It emits the plan as the wave-0 step; downstream agents are spawned by the dispatcher.""}"
What does ProvisioningAgent do,workflow_agentic_explain,explain,,workflow,,"workflow,agentic,provisioning,explain","{""action"": ""workflow_agentic_explain"", ""topic"": ""ProvisioningAgent"", ""explanation"": ""ProvisioningAgent provisions cloud resources via shared/terraform/ pre-built modules (aws/, azure/, gcp/, cloudflare/, ...). It does NOT generate Terraform HCL - it only invokes existing modules with tfvars derived from the intent.""}"
What does SecurityAgent do,workflow_agentic_explain,explain,,workflow,,"workflow,agentic,security_agent,explain","{""action"": ""workflow_agentic_explain"", ""topic"": ""SecurityAgent"", ""explanation"": ""SecurityAgent runs CIS / HIPAA / PCI / SOC2 benchmark scans via scripts/ai/ + scripts/security/ tools (kube-bench, prowler, checkov, tfsec, trivy). Reports flow back to the canvas + NotificationAgent.""}"
What does ObservabilityAgent do,workflow_agentic_explain,explain,,workflow,,"workflow,agentic,observability,explain","{""action"": ""workflow_agentic_explain"", ""topic"": ""ObservabilityAgent"", ""explanation"": ""ObservabilityAgent installs Prometheus + Grafana (or Cloud-native equivalents on Azure/GCP) via scripts/prometheus/, scripts/grafana/, scripts/opentelemetry/ install scripts. Wires dashboards + default alert rules.""}"
What does FinOpsAgent do,workflow_agentic_explain,explain,,workflow,,"workflow,agentic,finops_agent,explain","{""action"": ""workflow_agentic_explain"", ""topic"": ""FinOpsAgent"", ""explanation"": ""FinOpsAgent tags every resource with the tenant cost center, detects untagged drift, and appends a cost delta to each canvas node. It is also the auditor for the weekly FinOps sweep.""}"
Why does the canvas not disappear during agentic execution,workflow_agentic_explain,explain,,workflow,,"workflow,agentic,canvas,evolves","{""action"": ""workflow_agentic_explain"", ""topic"": ""canvas_evolves"", ""explanation"": ""The canvas evolves rather than disappears. Construction (manual wiring) becomes Observation (agents render their own DAG). Failures show the remediation path. Changes to the intent re-plan the graph live. One sentence of intent replaces 50 manually wired nodes.""}"
Explain how live execution DAG rendering works,workflow_agentic_explain,explain,,workflow,,"workflow,agentic,dag,canvas","{""action"": ""workflow_agentic_explain"", ""topic"": ""live_execution_dag"", ""explanation"": ""When canvas=True, the workflow executor emits notifications.OperationProvisionStatusProgressTrackingView events for every agent step. The frontend subscribes to that stream and re-renders the DAG node-by-node as agents pick up tasks (pending -> running -> success/error)."" }"
Explain the execution strategy options sequential parallel and dag,workflow_agentic_explain,explain,,workflow,,"workflow,agentic,execution_strategy","{""action"": ""workflow_agentic_explain"", ""topic"": ""execution_strategy"", ""explanation"": ""sequential: agents run one after another (default for tenant onboarding). parallel: all agents fan out at once, results reduced. dag: agents grouped into waves by DependsOn; each wave runs in parallel, waves run sequentially.""}"
Explain how AgentWorkflow differs from n8n,workflow_agentic_explain,explain,,workflow,,"workflow,agentic,n8n_compare","{""action"": ""workflow_agentic_explain"", ""topic"": ""agentic_vs_n8n"", ""explanation"": ""n8n: 50 manually wired nodes per workflow, static DAG, manual fix on failure, manual rewire on change, no cost visibility. AgentWorkflow: one sentence of intent, live DAG, agent self-heals, agent re-plans on intent change, FinOpsAgent appends cost delta to every node.""}"
Add a VPC node to my workflow,workflow_build,infrastructure,,workflow,,"workflow,node,vpc,aws","{""action"": ""workflow_build"", ""nodes"": [{""type"": ""infrastructure"", ""resource_type"": ""vpc""}], ""explanation"": ""Add VPC node to workflow""}"
Add subnet nodes to my VPC on this workflow,workflow_build,infrastructure,,workflow,,"workflow,node,subnet,vpc","{""action"": ""workflow_build"", ""mode"": ""add_to_existing"", ""parent_resource"": ""vpc"", ""nodes"": [{""type"": ""infrastructure"", ""resource_type"": ""subnet"", ""public"": true}, {""type"": ""infrastructure"", ""resource_type"": ""subnet"", ""public"": false}], ""explanation"": ""Add public + private subnet nodes to existing VPC.""}"
Add EC2 node to my workflow,workflow_build,infrastructure,,workflow,,"workflow,node,ec2","{""action"": ""workflow_build"", ""mode"": ""add_to_existing"", ""nodes"": [{""type"": ""infrastructure"", ""resource_type"": ""ec2""}], ""explanation"": ""Add EC2 node to workflow.""}"
Add S3 node to my workflow,workflow_build,infrastructure,,workflow,,"workflow,node,s3","{""action"": ""workflow_build"", ""mode"": ""add_to_existing"", ""nodes"": [{""type"": ""infrastructure"", ""resource_type"": ""s3""}], ""explanation"": ""Add S3 bucket node.""}"
Add Lambda node to my workflow,workflow_build,infrastructure,,workflow,,"workflow,node,lambda","{""action"": ""workflow_build"", ""mode"": ""add_to_existing"", ""nodes"": [{""type"": ""infrastructure"", ""resource_type"": ""lambda""}], ""explanation"": ""Add Lambda node.""}"
Add API Gateway node to my workflow,workflow_build,infrastructure,,workflow,,"workflow,node,api_gateway","{""action"": ""workflow_build"", ""mode"": ""add_to_existing"", ""nodes"": [{""type"": ""infrastructure"", ""resource_type"": ""api_gateway""}], ""explanation"": ""Add API Gateway node.""}"
Add RDS node to my workflow,workflow_build,infrastructure,,workflow,,"workflow,node,rds","{""action"": ""workflow_build"", ""mode"": ""add_to_existing"", ""nodes"": [{""type"": ""infrastructure"", ""resource_type"": ""rds""}], ""explanation"": ""Add RDS node.""}"
Add EKS node to my workflow,workflow_build,infrastructure,,workflow,,"workflow,node,eks","{""action"": ""workflow_build"", ""mode"": ""add_to_existing"", ""nodes"": [{""type"": ""infrastructure"", ""resource_type"": ""eks""}], ""explanation"": ""Add EKS node.""}"
Add load balancer node to my workflow,workflow_build,infrastructure,,workflow,,"workflow,node,load_balancer","{""action"": ""workflow_build"", ""mode"": ""add_to_existing"", ""nodes"": [{""type"": ""infrastructure"", ""resource_type"": ""load_balancer""}], ""explanation"": ""Add load balancer node.""}"
Add CloudFront node to my workflow,workflow_build,infrastructure,,workflow,,"workflow,node,cloudfront","{""action"": ""workflow_build"", ""mode"": ""add_to_existing"", ""nodes"": [{""type"": ""infrastructure"", ""resource_type"": ""cloudfront""}], ""explanation"": ""Add CloudFront node.""}"
Add Route53 node to my workflow,workflow_build,infrastructure,,workflow,,"workflow,node,route53","{""action"": ""workflow_build"", ""mode"": ""add_to_existing"", ""nodes"": [{""type"": ""infrastructure"", ""resource_type"": ""route53""}], ""explanation"": ""Add Route53 node.""}"
Add IAM role node to my workflow,workflow_build,infrastructure,,workflow,,"workflow,node,iam_role","{""action"": ""workflow_build"", ""mode"": ""add_to_existing"", ""nodes"": [{""type"": ""infrastructure"", ""resource_type"": ""iam_role""}], ""explanation"": ""Add IAM role node.""}"
Add Secrets Manager node to my workflow,workflow_build,infrastructure,,workflow,,"workflow,node,secrets_manager","{""action"": ""workflow_build"", ""mode"": ""add_to_existing"", ""nodes"": [{""type"": ""infrastructure"", ""resource_type"": ""secrets_manager""}], ""explanation"": ""Add Secrets Manager node.""}"
Add HashiCorp Vault node to my workflow,workflow_build,infrastructure,,workflow,,"workflow,node,vault","{""action"": ""workflow_build"", ""mode"": ""add_to_existing"", ""nodes"": [{""type"": ""infrastructure"", ""resource_type"": ""hashicorp_vault""}], ""explanation"": ""Add Vault node.""}"
Add ACM certificate node to my workflow,workflow_build,infrastructure,,workflow,,"workflow,node,acm","{""action"": ""workflow_build"", ""mode"": ""add_to_existing"", ""nodes"": [{""type"": ""infrastructure"", ""resource_type"": ""acm_certificate""}], ""explanation"": ""Add ACM certificate node.""}"
Add Cloudflare DNS node to my workflow,workflow_build,infrastructure,,workflow,,"workflow,node,cloudflare,dns","{""action"": ""workflow_build"", ""mode"": ""add_to_existing"", ""nodes"": [{""type"": ""infrastructure"", ""resource_type"": ""cloudflare_dns""}], ""explanation"": ""Add Cloudflare DNS node.""}"
Add Cloudflare WAF node to my workflow,workflow_build,infrastructure,,workflow,,"workflow,node,cloudflare,waf","{""action"": ""workflow_build"", ""mode"": ""add_to_existing"", ""nodes"": [{""type"": ""infrastructure"", ""resource_type"": ""cloudflare_waf""}], ""explanation"": ""Add Cloudflare WAF node.""}"
Add Azure VNet node to my workflow,workflow_build,infrastructure,,workflow,,"workflow,node,azure,vnet","{""action"": ""workflow_build"", ""mode"": ""add_to_existing"", ""nodes"": [{""type"": ""infrastructure"", ""resource_type"": ""azure_vnet"", ""provider"": ""azure""}], ""explanation"": ""Add Azure VNet node.""}"
Add Azure AKS node to my workflow,workflow_build,infrastructure,,workflow,,"workflow,node,azure,aks","{""action"": ""workflow_build"", ""mode"": ""add_to_existing"", ""nodes"": [{""type"": ""infrastructure"", ""resource_type"": ""azure_kubernetes"", ""provider"": ""azure""}], ""explanation"": ""Add Azure AKS node.""}"
Add GCP VPC node to my workflow,workflow_build,infrastructure,,workflow,,"workflow,node,gcp,vpc","{""action"": ""workflow_build"", ""mode"": ""add_to_existing"", ""nodes"": [{""type"": ""infrastructure"", ""resource_type"": ""cloud_vpc"", ""provider"": ""gcp""}], ""explanation"": ""Add GCP VPC node.""}"
Add GKE node to my workflow,workflow_build,infrastructure,,workflow,,"workflow,node,gcp,gke","{""action"": ""workflow_build"", ""mode"": ""add_to_existing"", ""nodes"": [{""type"": ""infrastructure"", ""resource_type"": ""gke"", ""provider"": ""gcp""}], ""explanation"": ""Add GKE node.""}"
Add PostgreSQL node to my workflow,workflow_build,infrastructure,,workflow,,"workflow,node,postgresql","{""action"": ""workflow_build"", ""mode"": ""add_to_existing"", ""nodes"": [{""type"": ""infrastructure"", ""resource_type"": ""postgresql""}], ""explanation"": ""Add PostgreSQL node.""}"
Add Redis node to my workflow,workflow_build,infrastructure,,workflow,,"workflow,node,redis","{""action"": ""workflow_build"", ""mode"": ""add_to_existing"", ""nodes"": [{""type"": ""infrastructure"", ""resource_type"": ""redis""}], ""explanation"": ""Add Redis node.""}"
Add MongoDB node to my workflow,workflow_build,infrastructure,,workflow,,"workflow,node,mongodb","{""action"": ""workflow_build"", ""mode"": ""add_to_existing"", ""nodes"": [{""type"": ""infrastructure"", ""resource_type"": ""mongodb""}], ""explanation"": ""Add MongoDB node.""}"
Add Slack notification node,workflow_build,communication,,workflow,,"workflow,node,slack","{""action"": ""workflow_build"", ""mode"": ""add_to_existing"", ""nodes"": [{""type"": ""communication"", ""service"": ""slack""}], ""explanation"": ""Add Slack node.""}"
Add Discord notification node,workflow_build,communication,,workflow,,"workflow,node,discord","{""action"": ""workflow_build"", ""mode"": ""add_to_existing"", ""nodes"": [{""type"": ""communication"", ""service"": ""discord""}], ""explanation"": ""Add Discord node.""}"
Add email notification node,workflow_build,communication,,workflow,,"workflow,node,email","{""action"": ""workflow_build"", ""mode"": ""add_to_existing"", ""nodes"": [{""type"": ""communication"", ""service"": ""email""}], ""explanation"": ""Add email node.""}"
Add Stripe payment node,workflow_build,integration,,workflow,,"workflow,node,stripe","{""action"": ""workflow_build"", ""mode"": ""add_to_existing"", ""nodes"": [{""type"": ""integration"", ""service"": ""stripe""}], ""explanation"": ""Add Stripe node.""}"
Add PayPal payment node,workflow_build,integration,,workflow,,"workflow,node,paypal","{""action"": ""workflow_build"", ""mode"": ""add_to_existing"", ""nodes"": [{""type"": ""integration"", ""service"": ""paypal""}], ""explanation"": ""Add PayPal node.""}"
Add GitHub Actions node,workflow_build,integration,,workflow,,"workflow,node,github_actions","{""action"": ""workflow_build"", ""mode"": ""add_to_existing"", ""nodes"": [{""type"": ""integration"", ""service"": ""github_actions""}], ""explanation"": ""Add GitHub Actions node.""}"
Add a Python script node,workflow_build,action,,workflow,,"workflow,node,python","{""action"": ""workflow_build"", ""mode"": ""add_to_existing"", ""nodes"": [{""type"": ""action"", ""script_type"": ""python""}], ""explanation"": ""Add Python script node.""}"
Add a Bash script node,workflow_build,action,,workflow,,"workflow,node,bash","{""action"": ""workflow_build"", ""mode"": ""add_to_existing"", ""nodes"": [{""type"": ""action"", ""script_type"": ""bash""}], ""explanation"": ""Add Bash script node.""}"
Add an SSH command node,workflow_build,action,,workflow,,"workflow,node,ssh","{""action"": ""workflow_build"", ""mode"": ""add_to_existing"", ""nodes"": [{""type"": ""action"", ""script_type"": ""ssh""}], ""explanation"": ""Add SSH command node.""}"
Add a script file node pointing to scripts redis install_redis.sh,workflow_build,action,,workflow,,"workflow,node,script_file,redis","{""action"": ""workflow_build"", ""mode"": ""add_to_existing"", ""nodes"": [{""type"": ""action"", ""script_type"": ""bash_script"", ""script_path"": ""redis/install_redis.sh""}], ""explanation"": ""Add script-file node pointing at scripts/redis/install_redis.sh.""}"
Add a Terraform module node pointing to shared terraform aws terraform_aws_networks_vpc,workflow_build,action,,workflow,,"workflow,node,terraform_exec,vpc","{""action"": ""workflow_build"", ""mode"": ""add_to_existing"", ""nodes"": [{""type"": ""action"", ""script_type"": ""terraform_exec"", ""module_path"": ""aws/terraform_aws_networks_vpc""}], ""explanation"": ""Add terraform_exec node referencing pre-built VPC module.""}"
Add a Terraform module node for AWS API Gateway,workflow_build,action,,workflow,,"workflow,node,terraform_exec,api_gateway","{""action"": ""workflow_build"", ""mode"": ""add_to_existing"", ""nodes"": [{""type"": ""action"", ""script_type"": ""terraform_exec"", ""module_path"": ""aws/terraform_aws_apigateway""}], ""explanation"": ""Add terraform_exec node for AWS API Gateway pre-built module.""}"
Add a condition node,workflow_build,logic,,workflow,,"workflow,node,condition","{""action"": ""workflow_build"", ""mode"": ""add_to_existing"", ""nodes"": [{""type"": ""condition""}], ""explanation"": ""Add condition node.""}"
Add a sticky note node,workflow_build,stickyNote,,workflow,,"workflow,node,stickynote","{""action"": ""workflow_build"", ""mode"": ""add_to_existing"", ""nodes"": [{""type"": ""stickyNote""}], ""explanation"": ""Add sticky note node.""}"
Build a workflow with VPC subnet and EC2 nodes,workflow_build,infrastructure,,workflow,,"workflow,build,vpc,subnet,ec2","{""action"": ""workflow_build"", ""nodes"": [{""type"": ""trigger""}, {""type"": ""infrastructure"", ""resource_type"": ""vpc""}, {""type"": ""infrastructure"", ""resource_type"": ""subnet""}, {""type"": ""infrastructure"", ""resource_type"": ""ec2""}], ""explanation"": ""Build VPC + subnet + EC2 starter workflow.""}"
Create a serverless workflow with API Gateway Lambda DynamoDB,workflow_build,infrastructure,,workflow,,"workflow,build,serverless","{""action"": ""workflow_build"", ""nodes"": [{""type"": ""trigger""}, {""type"": ""infrastructure"", ""resource_type"": ""api_gateway""}, {""type"": ""infrastructure"", ""resource_type"": ""lambda""}, {""type"": ""infrastructure"", ""resource_type"": ""dynamodb""}], ""explanation"": ""Build serverless starter workflow.""}"
Build a three-tier workflow with VPC LB EC2 RDS,workflow_build,infrastructure,,workflow,,"workflow,build,3tier","{""action"": ""workflow_build"", ""nodes"": [{""type"": ""trigger""}, {""type"": ""infrastructure"", ""resource_type"": ""vpc""}, {""type"": ""infrastructure"", ""resource_type"": ""subnet""}, {""type"": ""infrastructure"", ""resource_type"": ""load_balancer""}, {""type"": ""infrastructure"", ""resource_type"": ""ec2""}, {""type"": ""infrastructure"", ""resource_type"": ""rds""}], ""explanation"": ""Build three-tier starter workflow.""}"
Create a monitoring workflow with Prometheus and Grafana,workflow_build,action,,workflow,,"workflow,build,monitoring","{""action"": ""workflow_build"", ""nodes"": [{""type"": ""trigger""}, {""type"": ""action"", ""script_type"": ""terraform_exec"", ""module_path"": ""docker/terraform_docker_ubuntu_prometheus""}, {""type"": ""action"", ""script_type"": ""terraform_exec"", ""module_path"": ""docker/terraform_docker_ubuntu_grafana""}], ""explanation"": ""Build monitoring workflow with Prometheus + Grafana modules.""}"
Build Azure starter workflow with VNet AKS,workflow_build,infrastructure,,workflow,,"workflow,build,azure","{""action"": ""workflow_build"", ""nodes"": [{""type"": ""trigger""}, {""type"": ""infrastructure"", ""resource_type"": ""azure_vnet"", ""provider"": ""azure""}, {""type"": ""infrastructure"", ""resource_type"": ""azure_subnet"", ""provider"": ""azure""}, {""type"": ""infrastructure"", ""resource_type"": ""azure_kubernetes"", ""provider"": ""azure""}], ""explanation"": ""Build Azure starter workflow with AKS.""}"
Create GCP starter workflow with VPC and GKE,workflow_build,infrastructure,,workflow,,"workflow,build,gcp","{""action"": ""workflow_build"", ""nodes"": [{""type"": ""trigger""}, {""type"": ""infrastructure"", ""resource_type"": ""cloud_vpc"", ""provider"": ""gcp""}, {""type"": ""infrastructure"", ""resource_type"": ""gke"", ""provider"": ""gcp""}], ""explanation"": ""Build GCP starter workflow.""}"
Explain my workflow,workflow_explain,explain,,workflow,,"workflow,explain","{""action"": ""workflow_explain"", ""explanation"": ""Describe each node, the agent that owns it, the data flow, and the wave-based execution order.""}"
Explain what this workflow does step by step,workflow_explain,explain,,workflow,,"workflow,explain,step_by_step","{""action"": ""workflow_explain"", ""level"": ""detailed"", ""explanation"": ""Walk through every node, agent, edge, and wave in execution order.""}"
Explain which agents will run for this workflow,workflow_explain,explain,,workflow,,"workflow,explain,agents","{""action"": ""workflow_explain"", ""focus"": ""agents"", ""explanation"": ""List the agents the SupervisorAgent will spawn given the current intent and graph.""}"
Fix my workflow,workflow_fix,fix,,workflow,,"workflow,fix","{""action"": ""workflow_fix"", ""explanation"": ""Detect missing dependencies, broken edges, missing trigger node, unset required configs and propose fixes.""}"
Optimize my workflow for cost,workflow_fix,fix,,workflow,,"workflow,optimize,cost","{""action"": ""workflow_fix"", ""focus"": ""cost"", ""explanation"": ""FinOpsAgent suggests cheaper instance sizes, spot instead of on-demand, autoscaling, and idle-resource cleanup.""}"
Optimize my workflow for performance,workflow_fix,fix,,workflow,,"workflow,optimize,performance","{""action"": ""workflow_fix"", ""focus"": ""performance"", ""explanation"": ""Recommend caching, multi-AZ, read replicas, CDN, autoscaling tunings.""}"
Optimize my workflow for security,workflow_fix,fix,,workflow,,"workflow,optimize,security","{""action"": ""workflow_fix"", ""focus"": ""security"", ""explanation"": ""SecurityAgent recommends private subnets, KMS encryption, IAM least-privilege, WAF + Shield, secrets in Vault.""}"
Render the live execution DAG for this workflow,workflow_canvas,canvas,,workflow,,"workflow,canvas,dag","{""action"": ""workflow_canvas"", ""mode"": ""live_dag"", ""explanation"": ""Stream agent step events to the canvas: pending -> running -> success/error per agent. canvas=True must be set on the AgentWorkflow.""}"
Stream the canvas events for this run,workflow_canvas,canvas,,workflow,,"workflow,canvas,stream","{""action"": ""workflow_canvas"", ""mode"": ""stream"", ""explanation"": ""Subscribe to /api/v2/notifications stream for the run and render every agent step on the canvas.""}"
Show cost delta per node on the canvas,workflow_canvas,canvas,,workflow,,"workflow,canvas,finops","{""action"": ""workflow_canvas"", ""mode"": ""cost_overlay"", ""explanation"": ""FinOpsAgent appends a cost delta annotation to every node, surfaced as a small badge on the canvas.""}"
